hydr_cond,permeability,layer_thickness,depth_ATES,porosity,temperature_ground,ATES_max_power,phi_standing,phi_charge_ATES,phi_pipes,phi_charge,P_pump,Q_ATES_standing_mean,num_wells
1.7202117623130564e-05,1.72725e-12,30.0,426.10810399999997,0.189,20.783243119999998,6.005931310932126,0.9999839380074789,0.9252759125764698,0.9999749977458409,0.9252527785929362,0.05122726670097447,0.05059608911543044,1.0
1.7202117623130564e-05,1.72725e-12,30.0,426.10810399999997,0.17765999999999998,20.783243119999998,6.005931310932126,0.999984767620565,0.9299972956877797,0.9999749977458409,0.9299740436590256,0.05122726670097447,0.047982726111634205,1.0
1.7202117623130564e-05,1.72725e-12,30.0,426.10810399999997,0.18333,20.783243119999998,6.005931310932126,0.9999843551676545,0.9276496329029409,0.9999749977458409,0.9276264395710484,0.05122726670097447,0.049281992897088914,1.0
1.7202117623130564e-05,1.72725e-12,30.0,426.10810399999997,0.19467,20.783243119999998,6.005931310932126,0.9999835159759788,0.9228757385883861,0.9999749977458409,0.9228526646146127,0.05122726670097447,0.05192553160859555,1.0
1.7202117623130564e-05,1.72725e-12,30.0,426.10810399999997,0.20034000000000002,20.783243119999998,6.005931310932126,0.9999830889098749,0.9204487224741786,0.9999749977458409,0.9204257091812789,0.05122726670097447,0.05327083476188447,1.0
1.7202117623130564e-05,1.72725e-12,15.0,426.10810399999997,0.189,20.783243119999998,3.002965655466063,0.9999919689392421,0.937635828297617,0.999950002729123,0.9375889490651257,0.024788123344655803,0.02529804455771522,1.0
1.7202117623130564e-05,1.72725e-12,15.0,426.10810399999997,0.17765999999999998,20.783243119999998,3.002965655466063,0.9999923837522757,0.9416255290226159,0.999950002729123,0.9415784503159766,0.024788123344655803,0.023991363055817103,1.0
1.7202117623130564e-05,1.72725e-12,15.0,426.10810399999997,0.18333,20.783243119999998,3.002965655466063,0.9999921775226366,0.9396425298000609,0.999950002729123,0.939595550237971,0.024788123344655803,0.024640996448544457,1.0
1.7202117623130564e-05,1.72725e-12,15.0,426.10810399999997,0.19467,20.783243119999998,3.002965655466063,0.999991757920058,0.9356050309714656,0.999950002729123,0.9355582532732983,0.024788123344655803,0.025962765804297776,1.0
1.7202117623130564e-05,1.72725e-12,15.0,426.10810399999997,0.20034000000000002,20.783243119999998,3.002965655466063,0.9999915443834406,0.9335497488345903,0.999950002729123,0.9335030738949207,0.024788123344655803,0.026635417380942234,1.0
1.7202117623130564e-05,1.72725e-12,22.5,426.10810399999997,0.189,20.783243119999998,4.504448483199093,0.9999879534572363,0.9306579601135855,0.9999666402356406,0.9306269135833369,0.03852282097215904,0.03794706683657283,1.0
1.7202117623130564e-05,1.72725e-12,22.5,426.10810399999997,0.17765999999999998,20.783243119999998,4.504448483199093,0.9999885756719187,0.9350631485610519,0.9999666402356406,0.9350319550747548,0.03852282097215904,0.03598704458372566,1.0
1.7202117623130564e-05,1.72725e-12,22.5,426.10810399999997,0.18333,20.783243119999998,4.504448483199093,0.999988266329848,0.9328731152265816,0.9999666402356406,0.9328419947992804,0.03852282097215904,0.03696149467281669,1.0
1.7202117623130564e-05,1.72725e-12,22.5,426.10810399999997,0.19467,20.783243119999998,4.504448483199093,0.9999876369310358,0.9284172859461906,0.9999666402356406,0.9283863141643042,0.03852282097215904,0.03894414870644667,1.0
1.7202117623130564e-05,1.72725e-12,22.5,426.10810399999997,0.20034000000000002,20.783243119999998,4.504448483199093,0.9999873166287838,0.9261507017135918,0.9999666402356406,0.9261198055444214,0.03852282097215904,0.03995312607141336,1.0
1.7202117623130564e-05,1.72725e-12,45.0,426.10810399999997,0.189,20.783243119999998,7.0,0.9999759072047075,0.9170374683380572,0.9999785297777041,0.9170177793397583,0.04613649079308605,0.07589413367314567,1.0
1.7202117623130564e-05,1.72725e-12,45.0,426.10810399999997,0.17765999999999998,20.783243119999998,7.0,0.999977151604865,0.9222356426158294,0.9999785297777041,0.9222158420115731,0.04613649079308605,0.07197408916745132,1.0
1.7202117623130564e-05,1.72725e-12,45.0,426.10810399999997,0.18333,20.783243119999998,7.0,0.9999765329350508,0.919650168685609,0.9999785297777041,0.9196304235920528,0.04613649079308605,0.07392298934563338,1.0
1.7202117623130564e-05,1.72725e-12,45.0,426.10810399999997,0.19467,20.783243119999998,7.0,0.9999752741677588,0.9143971533705467,0.9999785297777041,0.914377521060397,0.04613649079308605,0.07788829741289334,1.0
1.7202117623130564e-05,1.72725e-12,45.0,426.10810399999997,0.20034000000000002,20.783243119999998,7.0,0.9999746335792993,0.9117288454535759,0.9999785297777041,0.9117092704325904,0.04613649079308605,0.07990625214282672,1.0
1.7202117623130564e-05,1.72725e-12,60.0,426.10810399999997,0.189,20.783243119999998,7.0,0.9999678765309248,0.9106996929162572,0.9999785297777041,0.9106801399914054,0.03642699336485952,0.10119217823086088,1.0
1.7202117623130564e-05,1.72725e-12,60.0,426.10810399999997,0.17765999999999998,20.783243119999998,7.0,0.9999695357051736,0.916258709953258,0.9999785297777041,0.9162390376750748,0.03642699336485952,0.09596545222326841,1.0
1.7202117623130564e-05,1.72725e-12,60.0,426.10810399999997,0.18333,20.783243119999998,7.0,0.9999687108248227,0.9134931577137537,0.9999785297777041,0.9134735448125918,0.03642699336485952,0.09856398579417783,1.0
1.7202117623130564e-05,1.72725e-12,60.0,426.10810399999997,0.19467,20.783243119999998,7.0,0.9999670324953946,0.9078779379971064,0.9999785297777041,0.90785844565596,0.03642699336485952,0.1038510632171911,1.0
1.7202117623130564e-05,1.72725e-12,60.0,426.10810399999997,0.20034000000000002,20.783243119999998,7.0,0.9999661783917101,0.905027527020873,0.9999785297777041,0.9050080958786839,0.03642699336485952,0.10654166952376894,1.0
9.805207045184422e-06,9.845324999999999e-13,30.0,426.10810399999997,0.189,20.783243119999998,3.4233808472313116,0.9999839380074789,0.9252759125764699,0.9999561060374427,0.925235298550208,0.027266952693579708,0.05059608911543044,1.0
9.805207045184422e-06,9.845324999999999e-13,30.0,426.10810399999997,0.17765999999999998,20.783243119999998,3.4233808472313116,0.999984767620565,0.9299972956877798,0.9999561060374427,0.9299564744213045,0.027266952693579708,0.047982726111634205,1.0
9.805207045184422e-06,9.845324999999999e-13,30.0,426.10810399999997,0.18333,20.783243119999998,3.4233808472313116,0.9999843551676545,0.927649632902941,0.9999561060374427,0.9276089146846881,0.027266952693579708,0.049281992897088914,1.0
9.805207045184422e-06,9.845324999999999e-13,30.0,426.10810399999997,0.19467,20.783243119999998,3.4233808472313116,0.9999835159759788,0.9228757385883861,0.9999561060374427,0.9228352299152714,0.027266952693579708,0.05192553160859555,1.0
9.805207045184422e-06,9.845324999999999e-13,30.0,426.10810399999997,0.20034000000000002,20.783243119999998,3.4233808472313116,0.9999830889098749,0.9204487224741786,0.9999561060374427,0.9204083203324184,0.027266952693579708,0.05327083476188447,1.0
9.805207045184422e-06,9.845324999999999e-13,15.0,426.10810399999997,0.189,20.783243119999998,1.7116904236156558,0.9999919689392421,0.9376358282976169,0.9999124582814811,0.9375537460458628,0.014127114486493637,0.02529804455771522,1.0
9.805207045184422e-06,9.845324999999999e-13,15.0,426.10810399999997,0.17765999999999998,20.783243119999998,1.7116904236156558,0.9999923837522757,0.9416255290226158,0.9999124582814811,0.9415430975056038,0.014127114486493637,0.023991363055817103,1.0
9.805207045184422e-06,9.845324999999999e-13,15.0,426.10810399999997,0.18333,20.783243119999998,1.7116904236156558,0.9999921775226366,0.939642529800061,0.9999124582814811,0.9395602718782089,0.014127114486493637,0.024640996448544457,1.0
9.805207045184422e-06,9.845324999999999e-13,15.0,426.10810399999997,0.19467,20.783243119999998,1.7116904236156558,0.999991757920058,0.9356050309714656,0.9999124582814811,0.9355231264991994,0.014127114486493637,0.025962765804297776,1.0
9.805207045184422e-06,9.845324999999999e-13,15.0,426.10810399999997,0.20034000000000002,20.783243119999998,1.7116904236156558,0.9999915443834406,0.9335497488345903,0.9999124582814811,0.9334680242852544,0.014127114486493637,0.026635417380942234,1.0
9.805207045184422e-06,9.845324999999999e-13,22.5,426.10810399999997,0.189,20.783243119999998,2.567535635423484,0.9999879534572363,0.9306579601135855,0.9999416949672622,0.9306036980707533,0.021872167781349504,0.03794706683657283,1.0
9.805207045184422e-06,9.845324999999999e-13,22.5,426.10810399999997,0.17765999999999998,20.783243119999998,2.567535635423484,0.9999885756719187,0.935063148561052,0.9999416949672622,0.9350086296735632,0.021872167781349504,0.03598704458372566,1.0
9.805207045184422e-06,9.845324999999999e-13,22.5,426.10810399999997,0.18333,20.783243119999998,2.567535635423484,0.999988266329848,0.9328731152265816,0.9999416949672622,0.932818724029058,0.021872167781349504,0.03696149467281669,1.0
9.805207045184422e-06,9.845324999999999e-13,22.5,426.10810399999997,0.19467,20.783243119999998,2.567535635423484,0.9999876369310358,0.9284172859461906,0.9999416949672622,0.9283631545459391,0.021872167781349504,0.03894414870644667,1.0
9.805207045184422e-06,9.845324999999999e-13,22.5,426.10810399999997,0.20034000000000002,20.783243119999998,2.567535635423484,0.9999873166287838,0.9261507017135918,0.9999416949672622,0.9260967024666082,0.021872167781349504,0.03995312607141336,1.0
9.805207045184422e-06,9.845324999999999e-13,45.0,426.10810399999997,0.189,20.783243119999998,5.135071270846968,0.9999759072047075,0.9170374683380573,0.999970757722162,0.9170106520736203,0.04191573974104506,0.07589413367314567,1.0
9.805207045184422e-06,9.845324999999999e-13,45.0,426.10810399999997,0.17765999999999998,20.783243119999998,5.135071270846968,0.999977151604865,0.9222356426158294,0.999970757722162,0.9222086743449359,0.04191573974104506,0.07197408916745132,1.0
9.805207045184422e-06,9.845324999999999e-13,45.0,426.10810399999997,0.18333,20.783243119999998,5.135071270846968,0.9999765329350508,0.9196501686856089,0.999970757722162,0.9196232760198625,0.04191573974104506,0.07392298934563338,1.0
9.805207045184422e-06,9.845324999999999e-13,45.0,426.10810399999997,0.19467,20.783243119999998,5.135071270846968,0.9999752741677588,0.9143971533705467,0.999970757722162,0.9143704143149336,0.04191573974104506,0.07788829741289334,1.0
9.805207045184422e-06,9.845324999999999e-13,45.0,426.10810399999997,0.20034000000000002,20.783243119999998,5.135071270846968,0.9999746335792993,0.9117288454535759,0.999970757722162,0.9117021844253643,0.04191573974104506,0.07990625214282672,1.0
9.805207045184422e-06,9.845324999999999e-13,60.0,426.10810399999997,0.189,20.783243119999998,6.846761694462623,0.9999678765309248,0.9106996929162572,0.9999780492603665,0.9106797023844136,0.05572649170455315,0.10119217823086088,1.0
9.805207045184422e-06,9.845324999999999e-13,60.0,426.10810399999997,0.17765999999999998,20.783243119999998,6.846761694462623,0.9999695357051736,0.916258709953258,0.9999780492603665,0.9162385973968789,0.05572649170455315,0.09596545222326841,1.0
9.805207045184422e-06,9.845324999999999e-13,60.0,426.10810399999997,0.18333,20.783243119999998,6.846761694462623,0.9999687108248227,0.9134931577137537,0.9999780492603665,0.9134731058632918,0.05572649170455315,0.09856398579417783,1.0
9.805207045184422e-06,9.845324999999999e-13,60.0,426.10810399999997,0.19467,20.783243119999998,6.846761694462623,0.9999670324953946,0.9078779379971063,0.9999780492603665,0.9078580094048703,0.05572649170455315,0.1038510632171911,1.0
9.805207045184422e-06,9.845324999999999e-13,60.0,426.10810399999997,0.20034000000000002,20.783243119999998,6.846761694462623,0.9999661783917101,0.905027527020873,0.9999780492603665,0.9050076609972662,0.05572649170455315,0.10654166952376894,1.0
1.5137863508354899e-05,1.51998e-12,30.0,426.10810399999997,0.189,20.783243119999998,5.285219553620271,0.9999839380074789,0.9252759125764698,0.9999715884449579,0.9252496240489505,0.043454657471487426,0.05059608911543044,1.0
1.5137863508354899e-05,1.51998e-12,30.0,426.10810399999997,0.17765999999999998,20.783243119999998,5.285219553620271,0.999984767620565,0.9299972956877798,0.9999715884449579,0.9299708730184244,0.043454657471487426,0.047982726111634205,1.0
1.5137863508354899e-05,1.51998e-12,30.0,426.10810399999997,0.18333,20.783243119999998,5.285219553620271,0.9999843551676545,0.9276496329029409,0.9999715884449579,0.9276232769343359,0.043454657471487426,0.049281992897088914,1.0
1.5137863508354899e-05,1.51998e-12,30.0,426.10810399999997,0.19467,20.783243119999998,5.285219553620271,0.9999835159759788,0.9228757385883861,0.9999715884449579,0.9228495182535422,0.043454657471487426,0.05192553160859555,1.0
1.5137863508354899e-05,1.51998e-12,30.0,426.10810399999997,0.20034000000000002,20.783243119999998,5.285219553620271,0.9999830889098749,0.9204487224741786,0.9999715884449579,0.9204225710946367,0.043454657471487426,0.05327083476188447,1.0
1.5137863508354899e-05,1.51998e-12,15.0,426.10810399999997,0.189,20.783243119999998,2.6426097768101355,0.9999919689392421,0.9376358282976169,0.9999431853078993,0.9375825568067296,0.021160439392659235,0.02529804455771522,1.0
1.5137863508354899e-05,1.51998e-12,15.0,426.10810399999997,0.17765999999999998,20.783243119999998,2.6426097768101355,0.9999923837522757,0.9416255290226158,0.9999431853078993,0.9415720308581101,0.021160439392659235,0.023991363055817103,1.0
1.5137863508354899e-05,1.51998e-12,15.0,426.10810399999997,0.18333,20.783243119999998,2.6426097768101355,0.9999921775226366,0.939642529800061,0.9999431853078993,0.9395891442990457,0.021160439392659235,0.024640996448544457,1.0
1.5137863508354899e-05,1.51998e-12,15.0,426.10810399999997,0.19467,20.783243119999998,2.6426097768101355,0.999991757920058,0.9356050309714656,0.9999431853078993,0.9355518748597031,0.021160439392659235,0.025962765804297776,1.0
1.5137863508354899e-05,1.51998e-12,15.0,426.10810399999997,0.20034000000000002,20.783243119999998,2.6426097768101355,0.9999915443834406,0.9335497488345904,0.9999431853078993,0.9334967094930496,0.021160439392659235,0.026635417380942234,1.0
1.5137863508354899e-05,1.51998e-12,22.5,426.10810399999997,0.189,20.783243119999998,3.9639146652152024,0.9999879534572363,0.9306579601135856,0.9999620913500037,0.9306226801267093,0.0326591385173226,0.03794706683657283,1.0
1.5137863508354899e-05,1.51998e-12,22.5,426.10810399999997,0.17765999999999998,20.783243119999998,3.9639146652152024,0.9999885756719187,0.9350631485610519,0.9999620913500037,0.9350277015794286,0.0326591385173226,0.03598704458372566,1.0
1.5137863508354899e-05,1.51998e-12,22.5,426.10810399999997,0.18333,20.783243119999998,3.9639146652152024,0.999988266329848,0.9328731152265817,0.9999620913500037,0.9328377512661655,0.0326591385173226,0.03696149467281669,1.0
1.5137863508354899e-05,1.51998e-12,22.5,426.10810399999997,0.19467,20.783243119999998,3.9639146652152024,0.9999876369310358,0.9284172859461906,0.9999620913500037,0.9283820909002471,0.0326591385173226,0.03894414870644667,1.0
1.5137863508354899e-05,1.51998e-12,22.5,426.10810399999997,0.20034000000000002,20.783243119999998,3.9639146652152024,0.9999873166287838,0.9261507017135918,0.9999620913500037,0.9261155925907967,0.0326591385173226,0.03995312607141336,1.0
1.5137863508354899e-05,1.51998e-12,45.0,426.10810399999997,0.189,20.783243119999998,7.0,0.9999759072047075,0.9170374683380572,0.9999785297777041,0.9170177793397583,0.05143258029939142,0.07589413367314567,1.0
1.5137863508354899e-05,1.51998e-12,45.0,426.10810399999997,0.17765999999999998,20.783243119999998,7.0,0.999977151604865,0.9222356426158294,0.9999785297777041,0.9222158420115731,0.05143258029939142,0.07197408916745132,1.0
1.5137863508354899e-05,1.51998e-12,45.0,426.10810399999997,0.18333,20.783243119999998,7.0,0.9999765329350508,0.919650168685609,0.9999785297777041,0.9196304235920528,0.05143258029939142,0.07392298934563338,1.0
1.5137863508354899e-05,1.51998e-12,45.0,426.10810399999997,0.19467,20.783243119999998,7.0,0.9999752741677588,0.9143971533705467,0.9999785297777041,0.914377521060397,0.05143258029939142,0.07788829741289334,1.0
1.5137863508354899e-05,1.51998e-12,45.0,426.10810399999997,0.20034000000000002,20.783243119999998,7.0,0.9999746335792993,0.9117288454535759,0.9999785297777041,0.9117092704325904,0.05143258029939142,0.07990625214282672,1.0
1.5137863508354899e-05,1.51998e-12,60.0,426.10810399999997,0.189,20.783243119999998,7.0,0.9999678765309248,0.9106996929162572,0.9999785297777041,0.9106801399914054,0.04039906049458856,0.10119217823086088,1.0
1.5137863508354899e-05,1.51998e-12,60.0,426.10810399999997,0.17765999999999998,20.783243119999998,7.0,0.9999695357051736,0.916258709953258,0.9999785297777041,0.9162390376750748,0.04039906049458856,0.09596545222326841,1.0
1.5137863508354899e-05,1.51998e-12,60.0,426.10810399999997,0.18333,20.783243119999998,7.0,0.9999687108248227,0.9134931577137537,0.9999785297777041,0.9134735448125918,0.04039906049458856,0.09856398579417783,1.0
1.5137863508354899e-05,1.51998e-12,60.0,426.10810399999997,0.19467,20.783243119999998,7.0,0.9999670324953946,0.9078779379971064,0.9999785297777041,0.90785844565596,0.04039906049458856,0.1038510632171911,1.0
1.5137863508354899e-05,1.51998e-12,60.0,426.10810399999997,0.20034000000000002,20.783243119999998,7.0,0.9999661783917101,0.905027527020873,0.9999785297777041,0.9050080958786839,0.04039906049458856,0.10654166952376894,1.0
2.0126477619062762e-05,2.0208825e-12,30.0,426.10810399999997,0.189,20.783243119999998,7.0,0.9999839380074789,0.9252759125764698,0.9999785297777041,0.9252560466969417,0.05709079558390571,0.05059608911543044,1.0
2.0126477619062762e-05,2.0208825e-12,30.0,426.10810399999997,0.17765999999999998,20.783243119999998,7.0,0.999984767620565,0.9299972956877797,0.9999785297777041,0.9299773284391066,0.05709079558390571,0.047982726111634205,1.0
2.0126477619062762e-05,2.0208825e-12,30.0,426.10810399999997,0.18333,20.783243119999998,7.0,0.9999843551676545,0.9276496329029409,0.9999785297777041,0.9276297160591097,0.05709079558390571,0.049281992897088914,1.0
2.0126477619062762e-05,2.0208825e-12,30.0,426.10810399999997,0.19467,20.783243119999998,7.0,0.9999835159759788,0.9228757385883861,0.9999785297777041,0.9228559242411271,0.05709079558390571,0.05192553160859555,1.0
2.0126477619062762e-05,2.0208825e-12,30.0,426.10810399999997,0.20034000000000002,20.783243119999998,7.0,0.9999830889098749,0.9204487224741786,0.9999785297777041,0.9204289602354951,0.05709079558390571,0.05327083476188447,1.0
2.0126477619062762e-05,2.0208825e-12,15.0,426.10810399999997,0.189,20.783243119999998,3.513469816895294,0.9999919689392421,0.9376358282976169,0.9999572314753414,0.9375957269965737,0.02813557441324208,0.02529804455771522,1.0
2.0126477619062762e-05,2.0208825e-12,15.0,426.10810399999997,0.17765999999999998,20.783243119999998,3.513469816895294,0.9999923837522757,0.9416255290226159,0.9999572314753414,0.9415852570879587,0.02813557441324208,0.023991363055817103,1.0
2.0126477619062762e-05,2.0208825e-12,15.0,426.10810399999997,0.18333,20.783243119999998,3.513469816895294,0.9999921775226366,0.939642529800061,0.9999572314753414,0.939602342675355,0.02813557441324208,0.024640996448544457,1.0
2.0126477619062762e-05,2.0208825e-12,15.0,426.10810399999997,0.19467,20.783243119999998,3.513469816895294,0.999991757920058,0.9356050309714656,0.9999572314753414,0.9355650165246279,0.02813557441324208,0.025962765804297776,1.0
2.0126477619062762e-05,2.0208825e-12,15.0,426.10810399999997,0.20034000000000002,20.783243119999998,3.513469816895294,0.9999915443834406,0.9335497488345903,0.9999572314753414,0.9335098222891373,0.02813557441324208,0.026635417380942234,1.0
2.0126477619062762e-05,2.0208825e-12,22.5,426.10810399999997,0.189,20.783243119999998,5.270204725342942,0.9999879534572363,0.9306579601135855,0.9999715075026757,0.9306314433441472,0.04329957293395008,0.03794706683657283,1.0
2.0126477619062762e-05,2.0208825e-12,22.5,426.10810399999997,0.17765999999999998,20.783243119999998,5.270204725342942,0.9999885756719187,0.9350631485610519,0.9999715075026757,0.9350365062767935,0.04329957293395008,0.03598704458372566,1.0
2.0126477619062762e-05,2.0208825e-12,22.5,426.10810399999997,0.18333,20.783243119999998,5.270204725342942,0.999988266329848,0.9328731152265816,0.9999715075026757,0.932846535341842,0.04329957293395008,0.03696149467281669,1.0
2.0126477619062762e-05,2.0208825e-12,22.5,426.10810399999997,0.19467,20.783243119999998,5.270204725342942,0.9999876369310358,0.9284172859461907,0.9999715075026757,0.928390833019155,0.04329957293395008,0.03894414870644667,1.0
2.0126477619062762e-05,2.0208825e-12,22.5,426.10810399999997,0.20034000000000002,20.783243119999998,5.270204725342942,0.9999873166287838,0.9261507017135918,0.9999715075026757,0.9261243133672014,0.04329957293395008,0.03995312607141336,1.0
2.0126477619062762e-05,2.0208825e-12,45.0,426.10810399999997,0.189,20.783243119999998,7.0,0.9999759072047075,0.9170374683380572,0.9999785297777041,0.9170177793397583,0.04049336408266378,0.07589413367314567,1.0
2.0126477619062762e-05,2.0208825e-12,45.0,426.10810399999997,0.17765999999999998,20.783243119999998,7.0,0.999977151604865,0.9222356426158294,0.9999785297777041,0.9222158420115731,0.04049336408266378,0.07197408916745132,1.0
2.0126477619062762e-05,2.0208825e-12,45.0,426.10810399999997,0.18333,20.783243119999998,7.0,0.9999765329350508,0.919650168685609,0.9999785297777041,0.9196304235920528,0.04049336408266378,0.07392298934563338,1.0
2.0126477619062762e-05,2.0208825e-12,45.0,426.10810399999997,0.19467,20.783243119999998,7.0,0.9999752741677588,0.9143971533705467,0.9999785297777041,0.914377521060397,0.04049336408266378,0.07788829741289334,1.0
2.0126477619062762e-05,2.0208825e-12,45.0,426.10810399999997,0.20034000000000002,20.783243119999998,7.0,0.9999746335792993,0.9117288454535759,0.9999785297777041,0.9117092704325904,0.04049336408266378,0.07990625214282672,1.0
2.0126477619062762e-05,2.0208825e-12,60.0,426.10810399999997,0.189,20.783243119999998,7.0,0.9999678765309248,0.9106996929162572,0.9999785297777041,0.9106801399914054,0.03219464833204283,0.10119217823086088,1.0
2.0126477619062762e-05,2.0208825e-12,60.0,426.10810399999997,0.17765999999999998,20.783243119999998,7.0,0.9999695357051736,0.916258709953258,0.9999785297777041,0.9162390376750748,0.03219464833204283,0.09596545222326841,1.0
2.0126477619062762e-05,2.0208825e-12,60.0,426.10810399999997,0.18333,20.783243119999998,7.0,0.9999687108248227,0.9134931577137537,0.9999785297777041,0.9134735448125918,0.03219464833204283,0.09856398579417783,1.0
2.0126477619062762e-05,2.0208825e-12,60.0,426.10810399999997,0.19467,20.783243119999998,7.0,0.9999670324953946,0.9078779379971064,0.9999785297777041,0.90785844565596,0.03219464833204283,0.1038510632171911,1.0
2.0126477619062762e-05,2.0208825e-12,60.0,426.10810399999997,0.20034000000000002,20.783243119999998,7.0,0.9999661783917101,0.905027527020873,0.9999785297777041,0.9050080958786839,0.03219464833204283,0.10654166952376894,1.0
2.9415621135553272e-05,2.9535975e-12,30.0,426.10810399999997,0.189,20.783243119999998,7.0,0.9999839380074789,0.9252759125764698,0.9999785297777041,0.9252560466969417,0.04136691310904494,0.05059608911543044,1.0
2.9415621135553272e-05,2.9535975e-12,30.0,426.10810399999997,0.17765999999999998,20.783243119999998,7.0,0.999984767620565,0.9299972956877797,0.9999785297777041,0.9299773284391066,0.04136691310904494,0.047982726111634205,1.0
2.9415621135553272e-05,2.9535975e-12,30.0,426.10810399999997,0.18333,20.783243119999998,7.0,0.9999843551676545,0.9276496329029409,0.9999785297777041,0.9276297160591097,0.04136691310904494,0.049281992897088914,1.0
2.9415621135553272e-05,2.9535975e-12,30.0,426.10810399999997,0.19467,20.783243119999998,7.0,0.9999835159759788,0.9228757385883861,0.9999785297777041,0.9228559242411271,0.04136691310904494,0.05192553160859555,1.0
2.9415621135553272e-05,2.9535975e-12,30.0,426.10810399999997,0.20034000000000002,20.783243119999998,7.0,0.9999830889098749,0.9204487224741786,0.9999785297777041,0.9204289602354951,0.04136691310904494,0.05327083476188447,1.0
2.9415621135553272e-05,2.9535975e-12,15.0,426.10810399999997,0.189,20.783243119999998,5.135071270846969,0.9999919689392421,0.9376358282976169,0.999970757722162,0.9376084096902151,0.041915739741045066,0.02529804455771522,1.0
2.9415621135553272e-05,2.9535975e-12,15.0,426.10810399999997,0.17765999999999998,20.783243119999998,5.135071270846969,0.9999923837522757,0.9416255290226158,0.999970757722162,0.9415979937472768,0.041915739741045066,0.023991363055817103,1.0
2.9415621135553272e-05,2.9535975e-12,15.0,426.10810399999997,0.18333,20.783243119999998,5.135071270846969,0.9999921775226366,0.939642529800061,0.999970757722162,0.9396150525121363,0.041915739741045066,0.024640996448544457,1.0
2.9415621135553272e-05,2.9535975e-12,15.0,426.10810399999997,0.19467,20.783243119999998,5.135071270846969,0.999991757920058,0.9356050309714656,0.999970757722162,0.9355776717492034,0.041915739741045066,0.025962765804297776,1.0
2.9415621135553272e-05,2.9535975e-12,15.0,426.10810399999997,0.20034000000000002,20.783243119999998,5.135071270846969,0.9999915443834406,0.9335497488345903,0.999970757722162,0.9335224497134593,0.041915739741045066,0.026635417380942234,1.0
2.9415621135553272e-05,2.9535975e-12,22.5,426.10810399999997,0.189,20.783243119999998,7.0,0.9999879534572363,0.9306579601135855,0.9999785297777041,0.9306379786803004,0.05272305045199993,0.03794706683657283,1.0
2.9415621135553272e-05,2.9535975e-12,22.5,426.10810399999997,0.17765999999999998,20.783243119999998,7.0,0.9999885756719187,0.9350631485610519,0.9999785297777041,0.9350430725473915,0.05272305045199993,0.03598704458372566,1.0
2.9415621135553272e-05,2.9535975e-12,22.5,426.10810399999997,0.18333,20.783243119999998,7.0,0.999988266329848,0.9328731152265816,0.9999785297777041,0.9328530862334238,0.05272305045199993,0.03696149467281669,1.0
2.9415621135553272e-05,2.9535975e-12,22.5,426.10810399999997,0.19467,20.783243119999998,7.0,0.9999876369310358,0.9284172859461906,0.9999785297777041,0.9283973526206779,0.05272305045199993,0.03894414870644667,1.0
2.9415621135553272e-05,2.9535975e-12,22.5,426.10810399999997,0.20034000000000002,20.783243119999998,7.0,0.9999873166287838,0.9261507017135917,0.9999785297777041,0.9261308170521464,0.05272305045199993,0.03995312607141336,1.0
2.9415621135553272e-05,2.9535975e-12,45.0,426.10810399999997,0.189,20.783243119999998,7.0,0.9999759072047075,0.9170374683380572,0.9999785297777041,0.9170177793397583,0.03001077576608994,0.07589413367314567,1.0
2.9415621135553272e-05,2.9535975e-12,45.0,426.10810399999997,0.17765999999999998,20.783243119999998,7.0,0.999977151604865,0.9222356426158294,0.9999785297777041,0.9222158420115731,0.03001077576608994,0.07197408916745132,1.0
2.9415621135553272e-05,2.9535975e-12,45.0,426.10810399999997,0.18333,20.783243119999998,7.0,0.9999765329350508,0.919650168685609,0.9999785297777041,0.9196304235920528,0.03001077576608994,0.07392298934563338,1.0
2.9415621135553272e-05,2.9535975e-12,45.0,426.10810399999997,0.19467,20.783243119999998,7.0,0.9999752741677588,0.9143971533705467,0.9999785297777041,0.914377521060397,0.03001077576608994,0.07788829741289334,1.0
2.9415621135553272e-05,2.9535975e-12,45.0,426.10810399999997,0.20034000000000002,20.783243119999998,7.0,0.9999746335792993,0.9117288454535759,0.9999785297777041,0.9117092704325904,0.03001077576608994,0.07990625214282672,1.0
2.9415621135553272e-05,2.9535975e-12,60.0,426.10810399999997,0.189,20.783243119999998,7.0,0.9999678765309248,0.9106996929162572,0.9999785297777041,0.9106801399914054,0.02433270709461244,0.10119217823086088,1.0
2.9415621135553272e-05,2.9535975e-12,60.0,426.10810399999997,0.17765999999999998,20.783243119999998,7.0,0.9999695357051736,0.916258709953258,0.9999785297777041,0.9162390376750748,0.02433270709461244,0.09596545222326841,1.0
2.9415621135553272e-05,2.9535975e-12,60.0,426.10810399999997,0.18333,20.783243119999998,7.0,0.9999687108248227,0.9134931577137537,0.9999785297777041,0.9134735448125918,0.02433270709461244,0.09856398579417783,1.0
2.9415621135553272e-05,2.9535975e-12,60.0,426.10810399999997,0.19467,20.783243119999998,7.0,0.9999670324953946,0.9078779379971064,0.9999785297777041,0.90785844565596,0.02433270709461244,0.1038510632171911,1.0
2.9415621135553272e-05,2.9535975e-12,60.0,426.10810399999997,0.20034000000000002,20.783243119999998,7.0,0.9999661783917101,0.905027527020873,0.9999785297777041,0.9050080958786839,0.02433270709461244,0.10654166952376894,1.0
2.2764972074844353e-05,1.72725e-12,30.0,852.2162079999999,0.189,33.566486239999996,7.0,0.9999895300647057,0.9499906900158464,0.9999634415922625,0.9499559598688538,0.05125206685025087,0.032980641482144454,1.0
2.2764972074844353e-05,1.72725e-12,30.0,852.2162079999999,0.17765999999999998,33.566486239999996,7.0,0.9999900708470142,0.9532294237016259,0.9999634415922625,0.9531945751516868,0.05125206685025087,0.031277142460821514,1.0
2.2764972074844353e-05,1.72725e-12,30.0,852.2162079999999,0.18333,33.566486239999996,7.0,0.9999898019901116,0.9516203595215348,0.9999634415922625,0.9515855697964201,0.05125206685025087,0.03212405875000308,1.0
2.2764972074844353e-05,1.72725e-12,30.0,852.2162079999999,0.19467,33.566486239999996,7.0,0.9999892549638519,0.9483400444575597,0.9999634415922625,0.9483053746555405,0.05125206685025087,0.03384722755637988,1.0
2.2764972074844353e-05,1.72725e-12,30.0,852.2162079999999,0.20034000000000002,33.566486239999996,7.0,0.9999889765811139,0.9466680540078822,0.9999634415922625,0.9466334453311717,0.05125206685025087,0.034724152270505446,1.0
2.2764972074844353e-05,1.72725e-12,15.0,852.2162079999999,0.189,33.566486239999996,3.974070564223971,0.9999947650049478,0.9584461900032764,0.999935636530053,0.9583845010807303,0.03269691694298234,0.016490320741072227,1.0
2.2764972074844353e-05,1.72725e-12,15.0,852.2162079999999,0.17765999999999998,33.566486239999996,3.974070564223971,0.9999950353988599,0.961159711990223,0.999935636530053,0.961097848415986,0.03269691694298234,0.015638571230410757,1.0
2.2764972074844353e-05,1.72725e-12,15.0,852.2162079999999,0.18333,33.566486239999996,3.974070564223971,0.9999949009690557,0.9598119738280692,0.999935636530053,0.9597501969989369,0.03269691694298234,0.01606202937500154,1.0
2.2764972074844353e-05,1.72725e-12,15.0,852.2162079999999,0.19467,33.566486239999996,3.974070564223971,0.9999946274530619,0.9570620188087607,0.999935636530053,0.9570004189762757,0.03269691694298234,0.01692361377818994,1.0
2.2764972074844353e-05,1.72725e-12,15.0,852.2162079999999,0.20034000000000002,33.566486239999996,3.974070564223971,0.9999944882601778,0.9556591189477279,0.999935636530053,0.955597609410746,0.03269691694298234,0.017362076135252723,1.0
2.2764972074844353e-05,1.72725e-12,22.5,852.2162079999999,0.189,33.566486239999996,5.961105846335954,0.9999921475279756,0.95368175037817,0.9999570531781757,0.9536407927779595,0.050558823762431655,0.024735481111608344,1.0
2.2764972074844353e-05,1.72725e-12,22.5,852.2162079999999,0.17765999999999998,33.566486239999996,5.961105846335954,0.9999925531167754,0.9566923386931534,0.9999570531781757,0.9566512517977429,0.050558823762431655,0.02345785684561614,1.0
2.2764972074844353e-05,1.72725e-12,22.5,852.2162079999999,0.18333,33.566486239999996,5.961105846335954,0.9999923514730837,0.95519681080458,0.9999570531781757,0.9551557881373393,0.050558823762431655,0.024093044062502313,1.0
2.2764972074844353e-05,1.72725e-12,22.5,852.2162079999999,0.19467,33.566486239999996,5.961105846335954,0.9999919412012409,0.9521467979293697,0.9999570531781757,0.9521059062504885,0.050558823762431655,0.025385420667284914,1.0
2.2764972074844353e-05,1.72725e-12,22.5,852.2162079999999,0.20034000000000002,33.566486239999996,5.961105846335954,0.9999917324130511,0.9505915951765687,0.9999570531781757,0.9505507702887029,0.050558823762431655,0.026043114202879084,1.0
2.2764972074844353e-05,1.72725e-12,45.0,852.2162079999999,0.189,33.566486239999996,7.0,0.9999842951792729,0.9443130953931737,0.9999634415922625,0.9442785728100004,0.03657830258884855,0.04947096222321669,1.0
2.2764972074844353e-05,1.72725e-12,45.0,852.2162079999999,0.17765999999999998,33.566486239999996,7.0,0.999985106344462,0.9478993592918185,0.9999634415922625,0.9478647056005474,0.03657830258884855,0.04691571369123228,1.0
2.2764972074844353e-05,1.72725e-12,45.0,852.2162079999999,0.18333,33.566486239999996,7.0,0.9999847030631664,0.9461172884545539,0.9999634415922625,0.946082699912955,0.03657830258884855,0.04818608812500463,1.0
2.2764972074844353e-05,1.72725e-12,45.0,852.2162079999999,0.19467,33.566486239999996,7.0,0.9999838825323693,0.9424863961693859,0.9999634415922625,0.9424519403674276,0.03657830258884855,0.05077084133456983,1.0
2.2764972074844353e-05,1.72725e-12,45.0,852.2162079999999,0.20034000000000002,33.566486239999996,7.0,0.9999834649628069,0.940636809894168,0.9999634415922625,0.940602421710139,0.03657830258884855,0.05208622840575817,1.0
2.2764972074844353e-05,1.72725e-12,60.0,852.2162079999999,0.189,33.566486239999996,7.0,0.9999790603486483,0.9399224862543223,0.9999634415922625,0.9398881241848281,0.029241420458147392,0.06596128296428891,1.0
2.2764972074844353e-05,1.72725e-12,60.0,852.2162079999999,0.17765999999999998,33.566486239999996,7.0,0.9999801418912025,0.9437746718777972,0.9999634415922625,0.9437401689785303,0.029241420458147392,0.06255428492164303,1.0
2.2764972074844353e-05,1.72725e-12,60.0,852.2162079999999,0.18333,33.566486239999996,7.0,0.9999796041882199,0.9418601719611716,0.9999634415922625,0.9418257390529733,0.029241420458147392,0.06424811750000615,1.0
2.2764972074844353e-05,1.72725e-12,60.0,852.2162079999999,0.19467,33.566486239999996,7.0,0.9999785101586127,0.9379612238111132,0.9999634415922625,0.9379269334422512,0.029241420458147392,0.06769445511275976,1.0
2.2764972074844353e-05,1.72725e-12,60.0,852.2162079999999,0.20034000000000002,33.566486239999996,7.0,0.9999779534052563,0.9359759977104188,0.9999634415922625,0.935941779918262,0.029241420458147392,0.06944830454101089,1.0
1.297603408266128e-05,9.845324999999999e-13,30.0,852.2162079999999,0.189,33.566486239999996,4.530440443215325,0.9999895300647057,0.9499906900158465,0.9999434917936048,0.9499370077458615,0.0359308815435217,0.032980641482144454,1.0
1.297603408266128e-05,9.845324999999999e-13,30.0,852.2162079999999,0.17765999999999998,33.566486239999996,4.530440443215325,0.9999900708470142,0.9532294237016258,0.9999434917936048,0.9531755584166093,0.0359308815435217,0.031277142460821514,1.0
1.297603408266128e-05,9.845324999999999e-13,30.0,852.2162079999999,0.18333,33.566486239999996,4.530440443215325,0.9999898019901116,0.9516203595215347,0.9999434917936048,0.9515665851618489,0.0359308815435217,0.03212405875000308,1.0
1.297603408266128e-05,9.845324999999999e-13,30.0,852.2162079999999,0.19467,33.566486239999996,4.530440443215325,0.9999892549638519,0.9483400444575597,0.9999434917936048,0.9482864554625946,0.0359308815435217,0.03384722755637988,1.0
1.297603408266128e-05,9.845324999999999e-13,30.0,852.2162079999999,0.20034000000000002,33.566486239999996,4.530440443215325,0.9999889765811139,0.9466680540078822,0.9999434917936048,0.9466145594940986,0.0359308815435217,0.034724152270505446,1.0
1.297603408266128e-05,9.845324999999999e-13,15.0,852.2162079999999,0.189,33.566486239999996,2.2652202216076627,0.9999947650049478,0.9584461900032764,0.999887100630374,0.9583379820326046,0.019078661376550874,0.016490320741072227,1.0
1.297603408266128e-05,9.845324999999999e-13,15.0,852.2162079999999,0.17765999999999998,33.566486239999996,2.2652202216076627,0.9999950353988599,0.961159711990223,0.999887100630374,0.9610511976646294,0.019078661376550874,0.015638571230410757,1.0
1.297603408266128e-05,9.845324999999999e-13,15.0,852.2162079999999,0.18333,33.566486239999996,2.2652202216076627,0.9999949009690557,0.9598119738280693,0.999887100630374,0.9597036116612646,0.019078661376550874,0.01606202937500154,1.0
1.297603408266128e-05,9.845324999999999e-13,15.0,852.2162079999999,0.19467,33.566486239999996,2.2652202216076627,0.9999946274530619,0.9570620188087607,0.999887100630374,0.9569539671101442,0.019078661376550874,0.01692361377818994,1.0
1.297603408266128e-05,9.845324999999999e-13,15.0,852.2162079999999,0.20034000000000002,33.566486239999996,2.2652202216076627,0.9999944882601778,0.955659118947728,0.999887100630374,0.9555512256356214,0.019078661376550874,0.017362076135252723,1.0
1.297603408266128e-05,9.845324999999999e-13,22.5,852.2162079999999,0.189,33.566486239999996,3.3978303324114947,0.9999921475279756,0.95368175037817,0.9999247219119665,0.9536099590394091,0.026993955892723312,0.024735481111608344,1.0
1.297603408266128e-05,9.845324999999999e-13,22.5,852.2162079999999,0.17765999999999998,33.566486239999996,3.3978303324114947,0.9999925531167754,0.9566923386931534,0.9999247219119665,0.9566203207230602,0.026993955892723312,0.02345785684561614,1.0
1.297603408266128e-05,9.845324999999999e-13,22.5,852.2162079999999,0.18333,33.566486239999996,3.3978303324114947,0.9999923514730837,0.95519681080458,0.9999247219119665,0.9551249054149669,0.026993955892723312,0.024093044062502313,1.0
1.297603408266128e-05,9.845324999999999e-13,22.5,852.2162079999999,0.19467,33.566486239999996,3.3978303324114947,0.9999919412012409,0.9521467979293697,0.9999247219119665,0.9520751221388943,0.026993955892723312,0.025385420667284914,1.0
1.297603408266128e-05,9.845324999999999e-13,22.5,852.2162079999999,0.20034000000000002,33.566486239999996,3.3978303324114947,0.9999917324130511,0.9505915951765685,0.9999247219119665,0.9505200364587829,0.026993955892723312,0.026043114202879084,1.0
1.297603408266128e-05,9.845324999999999e-13,45.0,852.2162079999999,0.189,33.566486239999996,6.795660664822989,0.9999842951792729,0.9443130953931738,0.9999623423558426,0.9442775347866542,0.055155311732954945,0.04947096222321669,1.0
1.297603408266128e-05,9.845324999999999e-13,45.0,852.2162079999999,0.17765999999999998,33.566486239999996,6.795660664822989,0.999985106344462,0.9478993592918186,0.9999623423558426,0.9478636636350493,0.055155311732954945,0.04691571369123228,1.0
1.297603408266128e-05,9.845324999999999e-13,45.0,852.2162079999999,0.18333,33.566486239999996,6.795660664822989,0.9999847030631664,0.9461172884545538,0.9999623423558426,0.9460816599063739,0.055155311732954945,0.04818608812500463,1.0
1.297603408266128e-05,9.845324999999999e-13,45.0,852.2162079999999,0.19467,33.566486239999996,6.795660664822989,0.9999838825323693,0.9424863961693859,0.9999623423558426,0.9424509043520557,0.055155311732954945,0.05077084133456983,1.0
1.297603408266128e-05,9.845324999999999e-13,45.0,852.2162079999999,0.20034000000000002,33.566486239999996,6.795660664822989,0.9999834649628069,0.940636809894168,0.9999623423558426,0.9406013877278996,0.055155311732954945,0.05208622840575817,1.0
1.297603408266128e-05,9.845324999999999e-13,60.0,852.2162079999999,0.189,33.566486239999996,7.0,0.9999790603486483,0.9399224862543223,0.9999634415922625,0.9398881241848281,0.04584594317499738,0.06596128296428891,1.0
1.297603408266128e-05,9.845324999999999e-13,60.0,852.2162079999999,0.17765999999999998,33.566486239999996,7.0,0.9999801418912025,0.9437746718777972,0.9999634415922625,0.9437401689785303,0.04584594317499738,0.06255428492164303,1.0
1.297603408266128e-05,9.845324999999999e-13,60.0,852.2162079999999,0.18333,33.566486239999996,7.0,0.9999796041882199,0.9418601719611716,0.9999634415922625,0.9418257390529733,0.04584594317499738,0.06424811750000615,1.0
1.297603408266128e-05,9.845324999999999e-13,60.0,852.2162079999999,0.19467,33.566486239999996,7.0,0.9999785101586127,0.9379612238111132,0.9999634415922625,0.9379269334422512,0.04584594317499738,0.06769445511275976,1.0
1.297603408266128e-05,9.845324999999999e-13,60.0,852.2162079999999,0.20034000000000002,33.566486239999996,7.0,0.9999779534052563,0.9359759977104188,0.9999634415922625,0.935941779918262,0.04584594317499738,0.06944830454101089,1.0
2.003317542586303e-05,1.51998e-12,30.0,852.2162079999999,0.189,33.566486239999996,6.994364193034189,0.9999895300647057,0.9499906900158465,0.9999634121358975,0.9499559318855815,0.05715743453887158,0.032980641482144454,1.0
2.003317542586303e-05,1.51998e-12,30.0,852.2162079999999,0.17765999999999998,33.566486239999996,6.994364193034189,0.9999900708470142,0.9532294237016258,0.9999634121358975,0.9531945470730129,0.05715743453887158,0.031277142460821514,1.0
2.003317542586303e-05,1.51998e-12,30.0,852.2162079999999,0.18333,33.566486239999996,6.994364193034189,0.9999898019901116,0.9516203595215347,0.9999634121358975,0.9515855417651433,0.05715743453887158,0.03212405875000308,1.0
2.003317542586303e-05,1.51998e-12,30.0,852.2162079999999,0.19467,33.566486239999996,6.994364193034189,0.9999892549638519,0.9483400444575597,0.9999634121358975,0.9483053467208901,0.05715743453887158,0.03384722755637988,1.0
2.003317542586303e-05,1.51998e-12,30.0,852.2162079999999,0.20034000000000002,33.566486239999996,6.994364193034189,0.9999889765811139,0.9466680540078823,0.9999634121358975,0.9466334174457721,0.05715743453887158,0.034724152270505446,1.0
2.003317542586303e-05,1.51998e-12,15.0,852.2162079999999,0.189,33.566486239999996,3.4971820965170943,0.9999947650049478,0.9584461900032764,0.9999268603371293,0.9583760895720598,0.027943681370428262,0.016490320741072227,1.0
2.003317542586303e-05,1.51998e-12,15.0,852.2162079999999,0.17765999999999998,33.566486239999996,3.4971820965170943,0.9999950353988599,0.961159711990223,0.9999268603371293,0.9610894130929232,0.027943681370428262,0.015638571230410757,1.0
2.003317542586303e-05,1.51998e-12,15.0,852.2162079999999,0.18333,33.566486239999996,3.4971820965170943,0.9999949009690557,0.9598119738280693,0.9999268603371293,0.9597417735038842,0.027943681370428262,0.01606202937500154,1.0
2.003317542586303e-05,1.51998e-12,15.0,852.2162079999999,0.19467,33.566486239999996,3.4971820965170943,0.9999946274530619,0.9570620188087606,0.9999268603371293,0.9569920196153586,0.027943681370428262,0.01692361377818994,1.0
2.003317542586303e-05,1.51998e-12,15.0,852.2162079999999,0.20034000000000002,33.566486239999996,3.4971820965170943,0.9999944882601778,0.9556591189477279,0.9999268603371293,0.9555892223619488,0.027943681370428262,0.017362076135252723,1.0
2.003317542586303e-05,1.51998e-12,22.5,852.2162079999999,0.189,33.566486239999996,5.245773144775642,0.9999921475279756,0.9536817503781702,0.9999511970804463,0.9536352079244267,0.0429565316045857,0.024735481111608344,1.0
2.003317542586303e-05,1.51998e-12,22.5,852.2162079999999,0.17765999999999998,33.566486239999996,5.245773144775642,0.9999925531167754,0.9566923386931534,0.9999511970804463,0.9566456493139105,0.0429565316045857,0.02345785684561614,1.0
2.003317542586303e-05,1.51998e-12,22.5,852.2162079999999,0.18333,33.566486239999996,5.245773144775642,0.9999923514730837,0.9551968108045801,0.9999511970804463,0.9551501944114644,0.0429565316045857,0.024093044062502313,1.0
2.003317542586303e-05,1.51998e-12,22.5,852.2162079999999,0.19467,33.566486239999996,5.245773144775642,0.9999919412012409,0.9521467979293696,0.9999511970804463,0.952100330385787,0.0429565316045857,0.025385420667284914,1.0
2.003317542586303e-05,1.51998e-12,22.5,852.2162079999999,0.20034000000000002,33.566486239999996,5.245773144775642,0.9999917324130511,0.9505915951765685,0.9999511970804463,0.9505452035314208,0.0429565316045857,0.026043114202879084,1.0
2.003317542586303e-05,1.51998e-12,45.0,852.2162079999999,0.189,33.566486239999996,7.0,0.9999842951792729,0.9443130953931737,0.9999634415922625,0.9442785728100004,0.04058023829650372,0.04947096222321669,1.0
2.003317542586303e-05,1.51998e-12,45.0,852.2162079999999,0.17765999999999998,33.566486239999996,7.0,0.999985106344462,0.9478993592918185,0.9999634415922625,0.9478647056005474,0.04058023829650372,0.04691571369123228,1.0
2.003317542586303e-05,1.51998e-12,45.0,852.2162079999999,0.18333,33.566486239999996,7.0,0.9999847030631664,0.9461172884545539,0.9999634415922625,0.946082699912955,0.04058023829650372,0.04818608812500463,1.0
2.003317542586303e-05,1.51998e-12,45.0,852.2162079999999,0.19467,33.566486239999996,7.0,0.9999838825323693,0.9424863961693859,0.9999634415922625,0.9424519403674276,0.04058023829650372,0.05077084133456983,1.0
2.003317542586303e-05,1.51998e-12,45.0,852.2162079999999,0.20034000000000002,33.566486239999996,7.0,0.9999834649628069,0.940636809894168,0.9999634415922625,0.940602421710139,0.04058023829650372,0.05208622840575817,1.0
2.003317542586303e-05,1.51998e-12,60.0,852.2162079999999,0.189,33.566486239999996,7.0,0.9999790603486483,0.9399224862543223,0.9999634415922625,0.9398881241848281,0.032242872238888776,0.06596128296428891,1.0
2.003317542586303e-05,1.51998e-12,60.0,852.2162079999999,0.17765999999999998,33.566486239999996,7.0,0.9999801418912025,0.9437746718777972,0.9999634415922625,0.9437401689785303,0.032242872238888776,0.06255428492164303,1.0
2.003317542586303e-05,1.51998e-12,60.0,852.2162079999999,0.18333,33.566486239999996,7.0,0.9999796041882199,0.9418601719611716,0.9999634415922625,0.9418257390529733,0.032242872238888776,0.06424811750000615,1.0
2.003317542586303e-05,1.51998e-12,60.0,852.2162079999999,0.19467,33.566486239999996,7.0,0.9999785101586127,0.9379612238111132,0.9999634415922625,0.9379269334422512,0.032242872238888776,0.06769445511275976,1.0
2.003317542586303e-05,1.51998e-12,60.0,852.2162079999999,0.20034000000000002,33.566486239999996,7.0,0.9999779534052563,0.9359759977104188,0.9999634415922625,0.935941779918262,0.032242872238888776,0.06944830454101089,1.0
2.6635017327567893e-05,2.0208825e-12,30.0,852.2162079999999,0.189,33.566486239999996,7.0,0.9999895300647057,0.9499906900158464,0.9999634415922625,0.9499559598688538,0.044855810633742166,0.032980641482144454,1.0
2.6635017327567893e-05,2.0208825e-12,30.0,852.2162079999999,0.17765999999999998,33.566486239999996,7.0,0.9999900708470142,0.9532294237016259,0.9999634415922625,0.9531945751516868,0.044855810633742166,0.031277142460821514,1.0
2.6635017327567893e-05,2.0208825e-12,30.0,852.2162079999999,0.18333,33.566486239999996,7.0,0.9999898019901116,0.9516203595215348,0.9999634415922625,0.9515855697964201,0.044855810633742166,0.03212405875000308,1.0
2.6635017327567893e-05,2.0208825e-12,30.0,852.2162079999999,0.19467,33.566486239999996,7.0,0.9999892549638519,0.9483400444575597,0.9999634415922625,0.9483053746555405,0.044855810633742166,0.03384722755637988,1.0
2.6635017327567893e-05,2.0208825e-12,30.0,852.2162079999999,0.20034000000000002,33.566486239999996,7.0,0.9999889765811139,0.9466680540078822,0.9999634415922625,0.9466334453311717,0.044855810633742166,0.034724152270505446,1.0
2.6635017327567893e-05,2.0208825e-12,15.0,852.2162079999999,0.189,33.566486239999996,4.649662560142046,0.9999947650049478,0.9584461900032764,0.9999449406418598,0.9583934185712428,0.03706488937843869,0.016490320741072227,1.0
2.6635017327567893e-05,2.0208825e-12,15.0,852.2162079999999,0.17765999999999998,33.566486239999996,4.649662560142046,0.9999950353988599,0.9611597119902229,0.9999449406418598,0.9611067911534105,0.03706488937843869,0.015638571230410757,1.0
2.6635017327567893e-05,2.0208825e-12,15.0,852.2162079999999,0.18333,33.566486239999996,4.649662560142046,0.9999949009690557,0.9598119738280692,0.9999449406418598,0.9597591271968549,0.03706488937843869,0.01606202937500154,1.0
2.6635017327567893e-05,2.0208825e-12,15.0,852.2162079999999,0.19467,33.566486239999996,4.649662560142046,0.9999946274530619,0.9570620188087606,0.9999449406418598,0.9570093235883046,0.03706488937843869,0.01692361377818994,1.0
2.6635017327567893e-05,2.0208825e-12,15.0,852.2162079999999,0.20034000000000002,33.566486239999996,4.649662560142046,0.9999944882601778,0.9556591189477279,0.9999449406418598,0.9556065009700379,0.03706488937843869,0.017362076135252723,1.0
2.6635017327567893e-05,2.0208825e-12,22.5,852.2162079999999,0.189,33.566486239999996,6.974493840213068,0.9999921475279756,0.95368175037817,0.9999633079008167,0.9536467577927958,0.05695575938284916,0.024735481111608344,1.0
2.6635017327567893e-05,2.0208825e-12,22.5,852.2162079999999,0.17765999999999998,33.566486239999996,6.974493840213068,0.9999925531167754,0.9566923386931534,0.9999633079008167,0.9566572356429741,0.05695575938284916,0.02345785684561614,1.0
2.6635017327567893e-05,2.0208825e-12,22.5,852.2162079999999,0.18333,33.566486239999996,6.974493840213068,0.9999923514730837,0.9551968108045799,0.9999633079008167,0.9551617626284582,0.05695575938284916,0.024093044062502313,1.0
2.6635017327567893e-05,2.0208825e-12,22.5,852.2162079999999,0.19467,33.566486239999996,6.974493840213068,0.9999919412012409,0.9521467979293697,0.9999633079008167,0.952111861664623,0.05695575938284916,0.025385420667284914,1.0
2.6635017327567893e-05,2.0208825e-12,22.5,852.2162079999999,0.20034000000000002,33.566486239999996,6.974493840213068,0.9999917324130511,0.9505915951765687,0.9999633079008167,0.9505567159754756,0.05695575938284916,0.026043114202879084,1.0
2.6635017327567893e-05,2.0208825e-12,45.0,852.2162079999999,0.189,33.566486239999996,7.0,0.9999842951792729,0.9443130953931737,0.9999634415922625,0.9442785728100004,0.03231413177784275,0.04947096222321669,1.0
2.6635017327567893e-05,2.0208825e-12,45.0,852.2162079999999,0.17765999999999998,33.566486239999996,7.0,0.999985106344462,0.9478993592918185,0.9999634415922625,0.9478647056005474,0.03231413177784275,0.04691571369123228,1.0
2.6635017327567893e-05,2.0208825e-12,45.0,852.2162079999999,0.18333,33.566486239999996,7.0,0.9999847030631664,0.9461172884545539,0.9999634415922625,0.946082699912955,0.03231413177784275,0.04818608812500463,1.0
2.6635017327567893e-05,2.0208825e-12,45.0,852.2162079999999,0.19467,33.566486239999996,7.0,0.9999838825323693,0.9424863961693859,0.9999634415922625,0.9424519403674276,0.03231413177784275,0.05077084133456983,1.0
2.6635017327567893e-05,2.0208825e-12,45.0,852.2162079999999,0.20034000000000002,33.566486239999996,7.0,0.9999834649628069,0.940636809894168,0.9999634415922625,0.940602421710139,0.03231413177784275,0.05208622840575817,1.0
2.6635017327567893e-05,2.0208825e-12,60.0,852.2162079999999,0.189,33.566486239999996,7.0,0.9999790603486483,0.9399224862543223,0.9999634415922625,0.9398881241848281,0.026043292349893044,0.06596128296428891,1.0
2.6635017327567893e-05,2.0208825e-12,60.0,852.2162079999999,0.17765999999999998,33.566486239999996,7.0,0.9999801418912025,0.9437746718777972,0.9999634415922625,0.9437401689785303,0.026043292349893044,0.06255428492164303,1.0
2.6635017327567893e-05,2.0208825e-12,60.0,852.2162079999999,0.18333,33.566486239999996,7.0,0.9999796041882199,0.9418601719611716,0.9999634415922625,0.9418257390529733,0.026043292349893044,0.06424811750000615,1.0
2.6635017327567893e-05,2.0208825e-12,60.0,852.2162079999999,0.19467,33.566486239999996,7.0,0.9999785101586127,0.9379612238111132,0.9999634415922625,0.9379269334422512,0.026043292349893044,0.06769445511275976,1.0
2.6635017327567893e-05,2.0208825e-12,60.0,852.2162079999999,0.20034000000000002,33.566486239999996,7.0,0.9999779534052563,0.9359759977104188,0.9999634415922625,0.935941779918262,0.026043292349893044,0.06944830454101089,1.0
3.892810224798385e-05,2.9535975e-12,30.0,852.2162079999999,0.189,33.566486239999996,7.0,0.9999895300647057,0.9499906900158464,0.9999634415922625,0.9499559598688538,0.03297422013867956,0.032980641482144454,1.0
3.892810224798385e-05,2.9535975e-12,30.0,852.2162079999999,0.17765999999999998,33.566486239999996,7.0,0.9999900708470142,0.9532294237016259,0.9999634415922625,0.9531945751516868,0.03297422013867956,0.031277142460821514,1.0
3.892810224798385e-05,2.9535975e-12,30.0,852.2162079999999,0.18333,33.566486239999996,7.0,0.9999898019901116,0.9516203595215348,0.9999634415922625,0.9515855697964201,0.03297422013867956,0.03212405875000308,1.0
3.892810224798385e-05,2.9535975e-12,30.0,852.2162079999999,0.19467,33.566486239999996,7.0,0.9999892549638519,0.9483400444575597,0.9999634415922625,0.9483053746555405,0.03297422013867956,0.03384722755637988,1.0
3.892810224798385e-05,2.9535975e-12,30.0,852.2162079999999,0.20034000000000002,33.566486239999996,7.0,0.9999889765811139,0.9466680540078822,0.9999634415922625,0.9466334453311717,0.03297422013867956,0.034724152270505446,1.0
3.892810224798385e-05,2.9535975e-12,15.0,852.2162079999999,0.189,33.566486239999996,6.795660664822989,0.9999947650049478,0.9584461900032764,0.9999623423558426,0.9584100971777092,0.055155311732954945,0.016490320741072227,1.0
3.892810224798385e-05,2.9535975e-12,15.0,852.2162079999999,0.17765999999999998,33.566486239999996,6.795660664822989,0.9999950353988599,0.961159711990223,0.9999623423558426,0.9611235169798105,0.055155311732954945,0.015638571230410757,1.0
3.892810224798385e-05,2.9535975e-12,15.0,852.2162079999999,0.18333,33.566486239999996,6.795660664822989,0.9999949009690557,0.9598119738280692,0.9999623423558426,0.9597758295703007,0.055155311732954945,0.01606202937500154,1.0
3.892810224798385e-05,2.9535975e-12,15.0,852.2162079999999,0.19467,33.566486239999996,6.795660664822989,0.9999946274530619,0.9570620188087606,0.9999623423558426,0.9570259781078198,0.055155311732954945,0.01692361377818994,1.0
3.892810224798385e-05,2.9535975e-12,15.0,852.2162079999999,0.20034000000000002,33.566486239999996,6.795660664822989,0.9999944882601778,0.9556591189477279,0.9999623423558426,0.9556231310766908,0.055155311732954945,0.017362076135252723,1.0
3.892810224798385e-05,2.9535975e-12,22.5,852.2162079999999,0.189,33.566486239999996,7.0,0.9999921475279756,0.95368175037817,0.9999634415922625,0.9536468852918879,0.04155536882955812,0.024735481111608344,1.0
3.892810224798385e-05,2.9535975e-12,22.5,852.2162079999999,0.17765999999999998,33.566486239999996,7.0,0.9999925531167754,0.9566923386931534,0.9999634415922625,0.9566573635445561,0.04155536882955812,0.02345785684561614,1.0
3.892810224798385e-05,2.9535975e-12,22.5,852.2162079999999,0.18333,33.566486239999996,7.0,0.9999923514730837,0.9551968108045799,0.9999634415922625,0.9551618903301009,0.04155536882955812,0.024093044062502313,1.0
3.892810224798385e-05,2.9535975e-12,22.5,852.2162079999999,0.19467,33.566486239999996,7.0,0.9999919412012409,0.9521467979293696,0.9999634415922625,0.9521119889585049,0.04155536882955812,0.025385420667284914,1.0
3.892810224798385e-05,2.9535975e-12,22.5,852.2162079999999,0.20034000000000002,33.566486239999996,7.0,0.9999917324130511,0.9505915951765687,0.9999634415922625,0.9505568430614403,0.04155536882955812,0.026043114202879084,1.0
3.892810224798385e-05,2.9535975e-12,45.0,852.2162079999999,0.189,33.566486239999996,7.0,0.9999842951792729,0.9443130953931737,0.9999634415922625,0.9442785728100004,0.024393071447801017,0.04947096222321669,1.0
3.892810224798385e-05,2.9535975e-12,45.0,852.2162079999999,0.17765999999999998,33.566486239999996,7.0,0.999985106344462,0.9478993592918185,0.9999634415922625,0.9478647056005474,0.024393071447801017,0.04691571369123228,1.0
3.892810224798385e-05,2.9535975e-12,45.0,852.2162079999999,0.18333,33.566486239999996,7.0,0.9999847030631664,0.9461172884545539,0.9999634415922625,0.946082699912955,0.024393071447801017,0.04818608812500463,1.0
3.892810224798385e-05,2.9535975e-12,45.0,852.2162079999999,0.19467,33.566486239999996,7.0,0.9999838825323693,0.9424863961693859,0.9999634415922625,0.9424519403674276,0.024393071447801017,0.05077084133456983,1.0
3.892810224798385e-05,2.9535975e-12,45.0,852.2162079999999,0.20034000000000002,33.566486239999996,7.0,0.9999834649628069,0.940636809894168,0.9999634415922625,0.940602421710139,0.024393071447801017,0.05208622840575817,1.0
3.892810224798385e-05,2.9535975e-12,60.0,852.2162079999999,0.189,33.566486239999996,7.0,0.9999790603486483,0.9399224862543223,0.9999634415922625,0.9398881241848281,0.02010249710236174,0.06596128296428891,1.0
3.892810224798385e-05,2.9535975e-12,60.0,852.2162079999999,0.17765999999999998,33.566486239999996,7.0,0.9999801418912025,0.9437746718777972,0.9999634415922625,0.9437401689785303,0.02010249710236174,0.06255428492164303,1.0
3.892810224798385e-05,2.9535975e-12,60.0,852.2162079999999,0.18333,33.566486239999996,7.0,0.9999796041882199,0.9418601719611716,0.9999634415922625,0.9418257390529733,0.02010249710236174,0.06424811750000615,1.0
3.892810224798385e-05,2.9535975e-12,60.0,852.2162079999999,0.19467,33.566486239999996,7.0,0.9999785101586127,0.9379612238111132,0.9999634415922625,0.9379269334422512,0.02010249710236174,0.06769445511275976,1.0
3.892810224798385e-05,2.9535975e-12,60.0,852.2162079999999,0.20034000000000002,33.566486239999996,7.0,0.9999779534052563,0.9359759977104188,0.9999634415922625,0.935941779918262,0.02010249710236174,0.06944830454101089,1.0
3.529362394482758e-05,1.72725e-12,30.0,1704.4324159999999,0.189,59.13297247999999,7.0,1.000000714366791,1.0036046789692028,0.9999524005993113,1.0035569079879556,0.03663456231671428,-0.0022502537844275167,1.0
3.529362394482758e-05,1.72725e-12,30.0,1704.4324159999999,0.17765999999999998,59.13297247999999,7.0,1.0000006774686625,1.0033589536771448,0.9999524005993113,1.0033111943922741,0.03663456231671428,-0.0021340248408038506,1.0
3.529362394482758e-05,1.72725e-12,30.0,1704.4324159999999,0.18333,59.13297247999999,7.0,1.0000006958130379,1.0034808105439312,0.9999524005993113,1.0034330454587468,0.03663456231671428,-0.0021918095441685777,1.0
3.529362394482758e-05,1.72725e-12,30.0,1704.4324159999999,0.19467,59.13297247999999,7.0,1.0000007331372194,1.0037306070649326,0.9999524005993113,1.0036828300895835,0.03663456231671428,-0.0023093805480514503,1.0
3.529362394482758e-05,1.72725e-12,30.0,1704.4324159999999,0.20034000000000002,59.13297247999999,7.0,1.0000007521315855,1.0038586436592563,0.9999524005993113,1.003810860589442,0.03663456231671428,-0.0023692127122526044,1.0
3.529362394482758e-05,1.72725e-12,15.0,1704.4324159999999,0.189,59.13297247999999,6.161191481491794,1.0000003571832679,1.0029668945775823,0.9999459205847882,1.0029126547144467,0.04966837338187895,-0.0011251268922137583,1.0
3.529362394482758e-05,1.72725e-12,15.0,1704.4324159999999,0.17765999999999998,59.13297247999999,6.161191481491794,1.0000003387342165,1.0027647658150332,0.9999459205847882,1.0027105368829028,0.04966837338187895,-0.0010670124204019253,1.0
3.529362394482758e-05,1.72725e-12,15.0,1704.4324159999999,0.18333,59.13297247999999,6.161191481491794,1.000000347906398,1.0028650050511922,0.9999459205847882,1.0028107706981826,0.04966837338187895,-0.0010959047720842888,1.0
3.529362394482758e-05,1.72725e-12,15.0,1704.4324159999999,0.19467,59.13297247999999,6.161191481491794,1.0000003665684754,1.0030704737501785,0.9999459205847882,1.003016228285542,0.04966837338187895,-0.0011546902740257252,1.0
3.529362394482758e-05,1.72725e-12,15.0,1704.4324159999999,0.20034000000000002,59.13297247999999,6.161191481491794,1.0000003760656513,1.003175782503347,0.9999459205847882,1.0031215313436745,0.04966837338187895,-0.0011846063561263022,1.0
3.529362394482758e-05,1.72725e-12,22.5,1704.4324159999999,0.189,59.13297247999999,7.0,1.0000005357749975,1.0033247776512262,0.9999524005993113,1.0032770199931138,0.04609938333271055,-0.0016876903383206377,1.0
3.529362394482758e-05,1.72725e-12,22.5,1704.4324159999999,0.17765999999999998,59.13297247999999,7.0,1.0000005081014107,1.0030981916940005,0.9999524005993113,1.003050444821244,0.04609938333271055,-0.001600518630602888,1.0
3.529362394482758e-05,1.72725e-12,22.5,1704.4324159999999,0.18333,59.13297247999999,7.0,1.0000005218596877,1.0032105583095594,0.9999524005993113,1.0031628060882194,0.04609938333271055,-0.0016438571581264333,1.0
3.529362394482758e-05,1.72725e-12,22.5,1704.4324159999999,0.19467,59.13297247999999,7.0,1.0000005498528137,1.0034408939752681,0.9999524005993113,1.0033931307900885,0.04609938333271055,-0.001732035411038588,1.0
3.529362394482758e-05,1.72725e-12,22.5,1704.4324159999999,0.20034000000000002,59.13297247999999,7.0,1.000000564098583,1.0035589521930561,0.9999524005993113,1.003511183388376,0.04609938333271055,-0.0017769095341894536,1.0
3.529362394482758e-05,1.72725e-12,45.0,1704.4324159999999,0.189,59.13297247999999,7.0,1.0000010715505694,1.0040398049644486,0.9999524005993113,1.0039920132714646,0.02716974130071803,-0.0033753806766412754,1.0
3.529362394482758e-05,1.72725e-12,45.0,1704.4324159999999,0.17765999999999998,59.13297247999999,7.0,1.0000010162033377,1.00376430656285,0.9999524005993113,1.003716527983425,0.02716974130071803,-0.003201037261205776,1.0
3.529362394482758e-05,1.72725e-12,45.0,1704.4324159999999,0.18333,59.13297247999999,7.0,1.00000104371992,1.0039009260845209,0.9999524005993113,1.0038531410020886,0.02716974130071803,-0.0032877143162528665,1.0
3.529362394482758e-05,1.72725e-12,45.0,1704.4324159999999,0.19467,59.13297247999999,7.0,1.0000010997062323,1.004180997349073,0.9999524005993113,1.0041331989354163,0.02716974130071803,-0.003464070822077176,1.0
3.529362394482758e-05,1.72725e-12,45.0,1704.4324159999999,0.20034000000000002,59.13297247999999,7.0,1.0000011281978025,1.0043245581977793,0.9999524005993113,1.0042767529507122,0.02716974130071803,-0.0035538190683789073,1.0
3.529362394482758e-05,1.72725e-12,60.0,1704.4324159999999,0.189,59.13297247999999,7.0,1.0000014287346028,1.004380164706085,0.9999524005993113,1.0043323568121814,0.0224373307927199,-0.004500507568855033,1.0
3.529362394482758e-05,1.72725e-12,60.0,1704.4324159999999,0.17765999999999998,59.13297247999999,7.0,1.0000013549382427,1.0040813607911923,0.9999524005993113,1.0040335671201759,0.0224373307927199,-0.004268049681607701,1.0
3.529362394482758e-05,1.72725e-12,60.0,1704.4324159999999,0.18333,59.13297247999999,7.0,1.000001391627044,1.0042295357786442,0.9999524005993113,1.0041817350545872,0.0224373307927199,-0.004383619088337155,1.0
3.529362394482758e-05,1.72725e-12,60.0,1704.4324159999999,0.19467,59.13297247999999,7.0,1.0000014662755137,1.0045333064746356,0.9999524005993113,1.0044854912912755,0.0224373307927199,-0.004618761096102901,1.0
3.529362394482758e-05,1.72725e-12,60.0,1704.4324159999999,0.20034000000000002,59.13297247999999,7.0,1.0000015042643025,1.0046890208756498,0.9999524005993113,1.0046411982803776,0.0224373307927199,-0.004738425424505209,1.0
2.011736564855172e-05,9.845324999999999e-13,30.0,1704.4324159999999,0.189,59.13297247999999,7.0,1.000000714366791,1.0036046789692028,0.9999524005993113,1.0035569079879556,0.05805494672133739,-0.0022502537844275167,1.0
2.011736564855172e-05,9.845324999999999e-13,30.0,1704.4324159999999,0.17765999999999998,59.13297247999999,7.0,1.0000006774686625,1.0033589536771448,0.9999524005993113,1.0033111943922741,0.05805494672133739,-0.0021340248408038506,1.0
2.011736564855172e-05,9.845324999999999e-13,30.0,1704.4324159999999,0.18333,59.13297247999999,7.0,1.0000006958130379,1.0034808105439312,0.9999524005993113,1.0034330454587468,0.05805494672133739,-0.0021918095441685777,1.0
2.011736564855172e-05,9.845324999999999e-13,30.0,1704.4324159999999,0.19467,59.13297247999999,7.0,1.0000007331372194,1.0037306070649326,0.9999524005993113,1.0036828300895835,0.05805494672133739,-0.0023093805480514503,1.0
2.011736564855172e-05,9.845324999999999e-13,30.0,1704.4324159999999,0.20034000000000002,59.13297247999999,7.0,1.0000007521315855,1.0038586436592563,0.9999524005993113,1.003810860589442,0.05805494672133739,-0.0023692127122526044,1.0
2.011736564855172e-05,9.845324999999999e-13,15.0,1704.4324159999999,0.189,59.13297247999999,3.511879144450322,1.0000003571832679,1.0029668945775823,0.9999049684592025,1.0028715810882216,0.028477700516715075,-0.0011251268922137583,1.0
2.011736564855172e-05,9.845324999999999e-13,15.0,1704.4324159999999,0.17765999999999998,59.13297247999999,3.511879144450322,1.0000003387342165,1.002764765815033,0.9999049684592025,1.00266947153428,0.028477700516715075,-0.0010670124204019253,1.0
2.011736564855172e-05,9.845324999999999e-13,15.0,1704.4324159999999,0.18333,59.13297247999999,3.511879144450322,1.000000347906398,1.002865005051192,0.9999049684592025,1.0027697012445502,0.028477700516715075,-0.0010959047720842888,1.0
2.011736564855172e-05,9.845324999999999e-13,15.0,1704.4324159999999,0.19467,59.13297247999999,3.511879144450322,1.0000003665684754,1.0030704737501788,0.9999049684592025,1.00297515041753,0.028477700516715075,-0.0011546902740257252,1.0
2.011736564855172e-05,9.845324999999999e-13,15.0,1704.4324159999999,0.20034000000000002,59.13297247999999,3.511879144450322,1.0000003760656513,1.003175782503347,0.9999049684592025,1.003080449163045,0.028477700516715075,-0.0011846063561263022,1.0
2.011736564855172e-05,9.845324999999999e-13,22.5,1704.4324159999999,0.189,59.13297247999999,5.267818716675483,1.0000005357749975,1.0033247776512264,0.9999366691994486,1.0032612362898448,0.04391181048727361,-0.0016876903383206377,1.0
2.011736564855172e-05,9.845324999999999e-13,22.5,1704.4324159999999,0.17765999999999998,59.13297247999999,5.267818716675483,1.0000005081014107,1.0030981916940005,0.9999366691994486,1.0030346646824888,0.04391181048727361,-0.001600518630602888,1.0
2.011736564855172e-05,9.845324999999999e-13,22.5,1704.4324159999999,0.18333,59.13297247999999,5.267818716675483,1.0000005218596877,1.0032105583095594,0.9999366691994486,1.00314702418178,0.04391181048727361,-0.0016438571581264333,1.0
2.011736564855172e-05,9.845324999999999e-13,22.5,1704.4324159999999,0.19467,59.13297247999999,5.267818716675483,1.0000005498528137,1.0034408939752681,0.9999366691994486,1.0033773452601467,0.04391181048727361,-0.001732035411038588,1.0
2.011736564855172e-05,9.845324999999999e-13,22.5,1704.4324159999999,0.20034000000000002,59.13297247999999,5.267818716675483,1.000000564098583,1.0035589521930561,0.9999366691994486,1.0034953960012132,0.04391181048727361,-0.0017769095341894536,1.0
2.011736564855172e-05,9.845324999999999e-13,45.0,1704.4324159999999,0.189,59.13297247999999,7.0,1.0000010715505694,1.0040398049644486,0.9999524005993113,1.0039920132714646,0.04144999757046676,-0.0033753806766412754,1.0
2.011736564855172e-05,9.845324999999999e-13,45.0,1704.4324159999999,0.17765999999999998,59.13297247999999,7.0,1.0000010162033377,1.00376430656285,0.9999524005993113,1.003716527983425,0.04144999757046676,-0.003201037261205776,1.0
2.011736564855172e-05,9.845324999999999e-13,45.0,1704.4324159999999,0.18333,59.13297247999999,7.0,1.00000104371992,1.0039009260845209,0.9999524005993113,1.0038531410020886,0.04144999757046676,-0.0032877143162528665,1.0
2.011736564855172e-05,9.845324999999999e-13,45.0,1704.4324159999999,0.19467,59.13297247999999,7.0,1.0000010997062323,1.004180997349073,0.9999524005993113,1.0041331989354163,0.04144999757046676,-0.003464070822077176,1.0
2.011736564855172e-05,9.845324999999999e-13,45.0,1704.4324159999999,0.20034000000000002,59.13297247999999,7.0,1.0000011281978025,1.0043245581977793,0.9999524005993113,1.0042767529507122,0.04144999757046676,-0.0035538190683789073,1.0
2.011736564855172e-05,9.845324999999999e-13,60.0,1704.4324159999999,0.189,59.13297247999999,7.0,1.0000014287346028,1.004380164706085,0.9999524005993113,1.0043323568121814,0.03314752299503145,-0.004500507568855033,1.0
2.011736564855172e-05,9.845324999999999e-13,60.0,1704.4324159999999,0.17765999999999998,59.13297247999999,7.0,1.0000013549382427,1.0040813607911923,0.9999524005993113,1.0040335671201759,0.03314752299503145,-0.004268049681607701,1.0
2.011736564855172e-05,9.845324999999999e-13,60.0,1704.4324159999999,0.18333,59.13297247999999,7.0,1.000001391627044,1.0042295357786442,0.9999524005993113,1.0041817350545872,0.03314752299503145,-0.004383619088337155,1.0
2.011736564855172e-05,9.845324999999999e-13,60.0,1704.4324159999999,0.19467,59.13297247999999,7.0,1.0000014662755137,1.0045333064746356,0.9999524005993113,1.0044854912912755,0.03314752299503145,-0.004618761096102901,1.0
2.011736564855172e-05,9.845324999999999e-13,60.0,1704.4324159999999,0.20034000000000002,59.13297247999999,7.0,1.0000015042643025,1.0046890208756498,0.9999524005993113,1.0046411982803776,0.03314752299503145,-0.004738425424505209,1.0
3.1058389071448277e-05,1.51998e-12,30.0,1704.4324159999999,0.189,59.13297247999999,7.0,1.000000714366791,1.0036046789692028,0.9999524005993113,1.0035569079879556,0.04050653455053093,-0.0022502537844275167,1.0
3.1058389071448277e-05,1.51998e-12,30.0,1704.4324159999999,0.17765999999999998,59.13297247999999,7.0,1.0000006774686625,1.0033589536771448,0.9999524005993113,1.0033111943922741,0.04050653455053093,-0.0021340248408038506,1.0
3.1058389071448277e-05,1.51998e-12,30.0,1704.4324159999999,0.18333,59.13297247999999,7.0,1.0000006958130379,1.0034808105439312,0.9999524005993113,1.0034330454587468,0.04050653455053093,-0.0021918095441685777,1.0
3.1058389071448277e-05,1.51998e-12,30.0,1704.4324159999999,0.19467,59.13297247999999,7.0,1.0000007331372194,1.0037306070649326,0.9999524005993113,1.0036828300895835,0.04050653455053093,-0.0023093805480514503,1.0
3.1058389071448277e-05,1.51998e-12,30.0,1704.4324159999999,0.20034000000000002,59.13297247999999,7.0,1.0000007521315855,1.0038586436592563,0.9999524005993113,1.003810860589442,0.04050653455053093,-0.0023692127122526044,1.0
3.1058389071448277e-05,1.51998e-12,15.0,1704.4324159999999,0.189,59.13297247999999,5.42184850371278,1.0000003571832679,1.0029668945775823,0.9999384682587201,1.0029051802781128,0.04556529514712851,-0.0011251268922137583,1.0
3.1058389071448277e-05,1.51998e-12,15.0,1704.4324159999999,0.17765999999999998,59.13297247999999,5.42184850371278,1.0000003387342165,1.002764765815033,0.9999384682587201,1.0027030639528982,0.04556529514712851,-0.0010670124204019253,1.0
3.1058389071448277e-05,1.51998e-12,15.0,1704.4324159999999,0.18333,59.13297247999999,5.42184850371278,1.000000347906398,1.0028650050511922,0.9999384682587201,1.0028032970211629,0.04556529514712851,-0.0010959047720842888,1.0
3.1058389071448277e-05,1.51998e-12,15.0,1704.4324159999999,0.19467,59.13297247999999,5.42184850371278,1.0000003665684754,1.0030704737501788,0.9999384682587201,1.0030087530773024,0.04556529514712851,-0.0011546902740257252,1.0
3.1058389071448277e-05,1.51998e-12,15.0,1704.4324159999999,0.20034000000000002,59.13297247999999,5.42184850371278,1.0000003760656513,1.003175782503347,0.9999384682587201,1.0031140553506397,0.04556529514712851,-0.0011846063561263022,1.0
3.1058389071448277e-05,1.51998e-12,22.5,1704.4324159999999,0.189,59.13297247999999,7.0,1.0000005357749975,1.0033247776512262,0.9999524005993113,1.0032770199931138,0.0512620129777994,-0.0016876903383206377,1.0
3.1058389071448277e-05,1.51998e-12,22.5,1704.4324159999999,0.17765999999999998,59.13297247999999,7.0,1.0000005081014107,1.0030981916940005,0.9999524005993113,1.003050444821244,0.0512620129777994,-0.001600518630602888,1.0
3.1058389071448277e-05,1.51998e-12,22.5,1704.4324159999999,0.18333,59.13297247999999,7.0,1.0000005218596877,1.0032105583095594,0.9999524005993113,1.0031628060882194,0.0512620129777994,-0.0016438571581264333,1.0
3.1058389071448277e-05,1.51998e-12,22.5,1704.4324159999999,0.19467,59.13297247999999,7.0,1.0000005498528137,1.0034408939752681,0.9999524005993113,1.0033931307900885,0.0512620129777994,-0.001732035411038588,1.0
3.1058389071448277e-05,1.51998e-12,22.5,1704.4324159999999,0.20034000000000002,59.13297247999999,7.0,1.000000564098583,1.0035589521930561,0.9999524005993113,1.003511183388376,0.0512620129777994,-0.0017769095341894536,1.0
3.1058389071448277e-05,1.51998e-12,45.0,1704.4324159999999,0.189,59.13297247999999,7.0,1.0000010715505694,1.0040398049644486,0.9999524005993113,1.0039920132714646,0.029751056123262457,-0.0033753806766412754,1.0
3.1058389071448277e-05,1.51998e-12,45.0,1704.4324159999999,0.17765999999999998,59.13297247999999,7.0,1.0000010162033377,1.00376430656285,0.9999524005993113,1.003716527983425,0.029751056123262457,-0.003201037261205776,1.0
3.1058389071448277e-05,1.51998e-12,45.0,1704.4324159999999,0.18333,59.13297247999999,7.0,1.00000104371992,1.0039009260845209,0.9999524005993113,1.0038531410020886,0.029751056123262457,-0.0032877143162528665,1.0
3.1058389071448277e-05,1.51998e-12,45.0,1704.4324159999999,0.19467,59.13297247999999,7.0,1.0000010997062323,1.004180997349073,0.9999524005993113,1.0041331989354163,0.029751056123262457,-0.003464070822077176,1.0
3.1058389071448277e-05,1.51998e-12,45.0,1704.4324159999999,0.20034000000000002,59.13297247999999,7.0,1.0000011281978025,1.0043245581977793,0.9999524005993113,1.0042767529507122,0.029751056123262457,-0.0035538190683789073,1.0
3.1058389071448277e-05,1.51998e-12,60.0,1704.4324159999999,0.189,59.13297247999999,7.0,1.0000014287346028,1.004380164706085,0.9999524005993113,1.0043323568121814,0.02437331690962822,-0.004500507568855033,1.0
3.1058389071448277e-05,1.51998e-12,60.0,1704.4324159999999,0.17765999999999998,59.13297247999999,7.0,1.0000013549382427,1.0040813607911923,0.9999524005993113,1.0040335671201759,0.02437331690962822,-0.004268049681607701,1.0
3.1058389071448277e-05,1.51998e-12,60.0,1704.4324159999999,0.18333,59.13297247999999,7.0,1.000001391627044,1.0042295357786442,0.9999524005993113,1.0041817350545872,0.02437331690962822,-0.004383619088337155,1.0
3.1058389071448277e-05,1.51998e-12,60.0,1704.4324159999999,0.19467,59.13297247999999,7.0,1.0000014662755137,1.0045333064746356,0.9999524005993113,1.0044854912912755,0.02437331690962822,-0.004618761096102901,1.0
3.1058389071448277e-05,1.51998e-12,60.0,1704.4324159999999,0.20034000000000002,59.13297247999999,7.0,1.0000015042643025,1.0046890208756498,0.9999524005993113,1.0046411982803776,0.02437331690962822,-0.004738425424505209,1.0
4.129354001544828e-05,2.0208825e-12,30.0,1704.4324159999999,0.189,59.13297247999999,7.0,1.000000714366791,1.0036046789692028,0.9999524005993113,1.0035569079879556,0.03250887110461335,-0.0022502537844275167,1.0
4.129354001544828e-05,2.0208825e-12,30.0,1704.4324159999999,0.17765999999999998,59.13297247999999,7.0,1.0000006774686625,1.0033589536771448,0.9999524005993113,1.0033111943922741,0.03250887110461335,-0.0021340248408038506,1.0
4.129354001544828e-05,2.0208825e-12,30.0,1704.4324159999999,0.18333,59.13297247999999,7.0,1.0000006958130379,1.0034808105439312,0.9999524005993113,1.0034330454587468,0.03250887110461335,-0.0021918095441685777,1.0
4.129354001544828e-05,2.0208825e-12,30.0,1704.4324159999999,0.19467,59.13297247999999,7.0,1.0000007331372194,1.0037306070649326,0.9999524005993113,1.0036828300895835,0.03250887110461335,-0.0023093805480514503,1.0
4.129354001544828e-05,2.0208825e-12,30.0,1704.4324159999999,0.20034000000000002,59.13297247999999,7.0,1.0000007521315855,1.0038586436592563,0.9999524005993113,1.003810860589442,0.03250887110461335,-0.0023692127122526044,1.0
4.129354001544828e-05,2.0208825e-12,15.0,1704.4324159999999,0.189,59.13297247999999,7.0,1.0000003571832679,1.0029668945775823,0.9999524005993113,1.0029191539544897,0.05677764294050118,-0.0011251268922137583,1.0
4.129354001544828e-05,2.0208825e-12,15.0,1704.4324159999999,0.17765999999999998,59.13297247999999,7.0,1.0000003387342165,1.0027647658150332,0.9999524005993113,1.0027170348131487,0.05677764294050118,-0.0010670124204019253,1.0
4.129354001544828e-05,2.0208825e-12,15.0,1704.4324159999999,0.18333,59.13297247999999,7.0,1.000000347906398,1.0028650050511922,0.9999524005993113,1.0028172692779802,0.05677764294050118,-0.0010959047720842888,1.0
4.129354001544828e-05,2.0208825e-12,15.0,1704.4324159999999,0.19467,59.13297247999999,7.0,1.0000003665684754,1.0030704737501785,0.9999524005993113,1.0030227281967796,0.05677764294050118,-0.0011546902740257252,1.0
4.129354001544828e-05,2.0208825e-12,15.0,1704.4324159999999,0.20034000000000002,59.13297247999999,7.0,1.0000003760656513,1.003175782503347,0.9999524005993113,1.0031280319373144,0.05677764294050118,-0.0011846063561263022,1.0
4.129354001544828e-05,2.0208825e-12,22.5,1704.4324159999999,0.189,59.13297247999999,7.0,1.0000005357749975,1.0033247776512262,0.9999524005993113,1.0032770199931138,0.04059846171657595,-0.0016876903383206377,1.0
4.129354001544828e-05,2.0208825e-12,22.5,1704.4324159999999,0.17765999999999998,59.13297247999999,7.0,1.0000005081014107,1.0030981916940005,0.9999524005993113,1.003050444821244,0.04059846171657595,-0.001600518630602888,1.0
4.129354001544828e-05,2.0208825e-12,22.5,1704.4324159999999,0.18333,59.13297247999999,7.0,1.0000005218596877,1.0032105583095594,0.9999524005993113,1.0031628060882194,0.04059846171657595,-0.0016438571581264333,1.0
4.129354001544828e-05,2.0208825e-12,22.5,1704.4324159999999,0.19467,59.13297247999999,7.0,1.0000005498528137,1.0034408939752681,0.9999524005993113,1.0033931307900885,0.04059846171657595,-0.001732035411038588,1.0
4.129354001544828e-05,2.0208825e-12,22.5,1704.4324159999999,0.20034000000000002,59.13297247999999,7.0,1.000000564098583,1.0035589521930561,0.9999524005993113,1.003511183388376,0.04059846171657595,-0.0017769095341894536,1.0
4.129354001544828e-05,2.0208825e-12,45.0,1704.4324159999999,0.189,59.13297247999999,7.0,1.0000010715505694,1.0040398049644486,0.9999524005993113,1.0039920132714646,0.024419280492650738,-0.0033753806766412754,1.0
4.129354001544828e-05,2.0208825e-12,45.0,1704.4324159999999,0.17765999999999998,59.13297247999999,7.0,1.0000010162033377,1.00376430656285,0.9999524005993113,1.003716527983425,0.024419280492650738,-0.003201037261205776,1.0
4.129354001544828e-05,2.0208825e-12,45.0,1704.4324159999999,0.18333,59.13297247999999,7.0,1.00000104371992,1.0039009260845209,0.9999524005993113,1.0038531410020886,0.024419280492650738,-0.0032877143162528665,1.0
4.129354001544828e-05,2.0208825e-12,45.0,1704.4324159999999,0.19467,59.13297247999999,7.0,1.0000010997062323,1.004180997349073,0.9999524005993113,1.0041331989354163,0.024419280492650738,-0.003464070822077176,1.0
4.129354001544828e-05,2.0208825e-12,45.0,1704.4324159999999,0.20034000000000002,59.13297247999999,7.0,1.0000011281978025,1.0043245581977793,0.9999524005993113,1.0042767529507122,0.024419280492650738,-0.0035538190683789073,1.0
4.129354001544828e-05,2.0208825e-12,60.0,1704.4324159999999,0.189,59.13297247999999,7.0,1.0000014287346028,1.004380164706085,0.9999524005993113,1.0043323568121814,0.020374485186669435,-0.004500507568855033,1.0
4.129354001544828e-05,2.0208825e-12,60.0,1704.4324159999999,0.17765999999999998,59.13297247999999,7.0,1.0000013549382427,1.0040813607911923,0.9999524005993113,1.0040335671201759,0.020374485186669435,-0.004268049681607701,1.0
4.129354001544828e-05,2.0208825e-12,60.0,1704.4324159999999,0.18333,59.13297247999999,7.0,1.000001391627044,1.0042295357786442,0.9999524005993113,1.0041817350545872,0.020374485186669435,-0.004383619088337155,1.0
4.129354001544828e-05,2.0208825e-12,60.0,1704.4324159999999,0.19467,59.13297247999999,7.0,1.0000014662755137,1.0045333064746356,0.9999524005993113,1.0044854912912755,0.020374485186669435,-0.004618761096102901,1.0
4.129354001544828e-05,2.0208825e-12,60.0,1704.4324159999999,0.20034000000000002,59.13297247999999,7.0,1.0000015042643025,1.0046890208756498,0.9999524005993113,1.0046411982803776,0.020374485186669435,-0.004738425424505209,1.0
6.035209694565517e-05,2.9535975e-12,30.0,1704.4324159999999,0.189,59.13297247999999,7.0,1.000000714366791,1.0036046789692028,0.9999524005993113,1.0035569079879556,0.024845048419596137,-0.0022502537844275167,1.0
6.035209694565517e-05,2.9535975e-12,30.0,1704.4324159999999,0.17765999999999998,59.13297247999999,7.0,1.0000006774686625,1.0033589536771448,0.9999524005993113,1.0033111943922741,0.024845048419596137,-0.0021340248408038506,1.0
6.035209694565517e-05,2.9535975e-12,30.0,1704.4324159999999,0.18333,59.13297247999999,7.0,1.0000006958130379,1.0034808105439312,0.9999524005993113,1.0034330454587468,0.024845048419596137,-0.0021918095441685777,1.0
6.035209694565517e-05,2.9535975e-12,30.0,1704.4324159999999,0.19467,59.13297247999999,7.0,1.0000007331372194,1.0037306070649326,0.9999524005993113,1.0036828300895835,0.024845048419596137,-0.0023093805480514503,1.0
6.035209694565517e-05,2.9535975e-12,30.0,1704.4324159999999,0.20034000000000002,59.13297247999999,7.0,1.0000007521315855,1.0038586436592563,0.9999524005993113,1.003810860589442,0.024845048419596137,-0.0023692127122526044,1.0
6.035209694565517e-05,2.9535975e-12,15.0,1704.4324159999999,0.189,59.13297247999999,7.0,1.0000003571832679,1.0029668945775823,0.9999524005993113,1.0029191539544897,0.04144999757046676,-0.0011251268922137583,1.0
6.035209694565517e-05,2.9535975e-12,15.0,1704.4324159999999,0.17765999999999998,59.13297247999999,7.0,1.0000003387342165,1.0027647658150332,0.9999524005993113,1.0027170348131487,0.04144999757046676,-0.0010670124204019253,1.0
6.035209694565517e-05,2.9535975e-12,15.0,1704.4324159999999,0.18333,59.13297247999999,7.0,1.000000347906398,1.0028650050511922,0.9999524005993113,1.0028172692779802,0.04144999757046676,-0.0010959047720842888,1.0
6.035209694565517e-05,2.9535975e-12,15.0,1704.4324159999999,0.19467,59.13297247999999,7.0,1.0000003665684754,1.0030704737501785,0.9999524005993113,1.0030227281967796,0.04144999757046676,-0.0011546902740257252,1.0
6.035209694565517e-05,2.9535975e-12,15.0,1704.4324159999999,0.20034000000000002,59.13297247999999,7.0,1.0000003760656513,1.003175782503347,0.9999524005993113,1.0031280319373144,0.04144999757046676,-0.0011846063561263022,1.0
6.035209694565517e-05,2.9535975e-12,22.5,1704.4324159999999,0.189,59.13297247999999,7.0,1.0000005357749975,1.0033247776512262,0.9999524005993113,1.0032770199931138,0.030380031469886347,-0.0016876903383206377,1.0
6.035209694565517e-05,2.9535975e-12,22.5,1704.4324159999999,0.17765999999999998,59.13297247999999,7.0,1.0000005081014107,1.0030981916940005,0.9999524005993113,1.003050444821244,0.030380031469886347,-0.001600518630602888,1.0
6.035209694565517e-05,2.9535975e-12,22.5,1704.4324159999999,0.18333,59.13297247999999,7.0,1.0000005218596877,1.0032105583095594,0.9999524005993113,1.0031628060882194,0.030380031469886347,-0.0016438571581264333,1.0
6.035209694565517e-05,2.9535975e-12,22.5,1704.4324159999999,0.19467,59.13297247999999,7.0,1.0000005498528137,1.0034408939752681,0.9999524005993113,1.0033931307900885,0.030380031469886347,-0.001732035411038588,1.0
6.035209694565517e-05,2.9535975e-12,22.5,1704.4324159999999,0.20034000000000002,59.13297247999999,7.0,1.000000564098583,1.0035589521930561,0.9999524005993113,1.003511183388376,0.030380031469886347,-0.0017769095341894536,1.0
6.035209694565517e-05,2.9535975e-12,45.0,1704.4324159999999,0.189,59.13297247999999,7.0,1.0000010715505694,1.0040398049644486,0.9999524005993113,1.0039920132714646,0.019310065369305927,-0.0033753806766412754,1.0
6.035209694565517e-05,2.9535975e-12,45.0,1704.4324159999999,0.17765999999999998,59.13297247999999,7.0,1.0000010162033377,1.00376430656285,0.9999524005993113,1.003716527983425,0.019310065369305927,-0.003201037261205776,1.0
6.035209694565517e-05,2.9535975e-12,45.0,1704.4324159999999,0.18333,59.13297247999999,7.0,1.00000104371992,1.0039009260845209,0.9999524005993113,1.0038531410020886,0.019310065369305927,-0.0032877143162528665,1.0
6.035209694565517e-05,2.9535975e-12,45.0,1704.4324159999999,0.19467,59.13297247999999,7.0,1.0000010997062323,1.004180997349073,0.9999524005993113,1.0041331989354163,0.019310065369305927,-0.003464070822077176,1.0
6.035209694565517e-05,2.9535975e-12,45.0,1704.4324159999999,0.20034000000000002,59.13297247999999,7.0,1.0000011281978025,1.0043245581977793,0.9999524005993113,1.0042767529507122,0.019310065369305927,-0.0035538190683789073,1.0
6.035209694565517e-05,2.9535975e-12,60.0,1704.4324159999999,0.189,59.13297247999999,7.0,1.0000014287346028,1.004380164706085,0.9999524005993113,1.0043323568121814,0.016542573844160826,-0.004500507568855033,1.0
6.035209694565517e-05,2.9535975e-12,60.0,1704.4324159999999,0.17765999999999998,59.13297247999999,7.0,1.0000013549382427,1.0040813607911923,0.9999524005993113,1.0040335671201759,0.016542573844160826,-0.004268049681607701,1.0
6.035209694565517e-05,2.9535975e-12,60.0,1704.4324159999999,0.18333,59.13297247999999,7.0,1.000001391627044,1.0042295357786442,0.9999524005993113,1.0041817350545872,0.016542573844160826,-0.004383619088337155,1.0
6.035209694565517e-05,2.9535975e-12,60.0,1704.4324159999999,0.19467,59.13297247999999,7.0,1.0000014662755137,1.0045333064746356,0.9999524005993113,1.0044854912912755,0.016542573844160826,-0.004618761096102901,1.0
6.035209694565517e-05,2.9535975e-12,60.0,1704.4324159999999,0.20034000000000002,59.13297247999999,7.0,1.0000015042643025,1.0046890208756498,0.9999524005993113,1.0046411982803776,0.016542573844160826,-0.004738425424505209,1.0
